<?xml version="1.0" encoding="UTF-8"?><rss version="2.0"
	xmlns:content="http://purl.org/rss/1.0/modules/content/"
	xmlns:wfw="http://wellformedweb.org/CommentAPI/"
	xmlns:dc="http://purl.org/dc/elements/1.1/"
	xmlns:atom="http://www.w3.org/2005/Atom"
	xmlns:sy="http://purl.org/rss/1.0/modules/syndication/"
	xmlns:slash="http://purl.org/rss/1.0/modules/slash/"
	>

<channel>
	<title>Die Pest</title>
	<atom:link href="http://localhost/pest/feed/" rel="self" type="application/rss+xml" />
	<link>./../index.html</link>
	<description>in NÖ von 1712-1714</description>
	<lastBuildDate>Wed, 20 Jul 2022 15:02:44 +0000</lastBuildDate>
	<language>de-AT</language>
	<sy:updatePeriod>
	hourly	</sy:updatePeriod>
	<sy:updateFrequency>
	1	</sy:updateFrequency>
	<generator>https://wordpress.org/?v=6.1.1</generator>
	<item>
		<title>Bla</title>
		<link>./../bla/index.html</link>
		
		<dc:creator><![CDATA[admin]]></dc:creator>
		<pubDate>Thu, 18 Jul 1748 13:57:39 +0000</pubDate>
				<category><![CDATA[Allgemein]]></category>
		<guid isPermaLink="false">./../index.html?p=7</guid>

					<description><![CDATA[test 1 ewfew erfref vrvrv]]></description>
										<content:encoded><![CDATA[
<p>test 1 ewfew erfref vrvrv</p>
]]></content:encoded>
					
		
		
			</item>
	</channel>
</rss>
