<?xml version="1.0" encoding="UTF-8"?><rss version="2.0"
	xmlns:content="http://purl.org/rss/1.0/modules/content/"
	xmlns:dc="http://purl.org/dc/elements/1.1/"
	xmlns:atom="http://www.w3.org/2005/Atom"
	xmlns:sy="http://purl.org/rss/1.0/modules/syndication/"
	
	>
<channel>
	<title>
	Kommentare für Die Pest	</title>
	<atom:link href="http://localhost/pest/comments/feed/" rel="self" type="application/rss+xml" />
	<link>./../../index.html</link>
	<description>in NÖ von 1712-1714</description>
	<lastBuildDate>Tue, 18 Oct 2022 13:00:18 +0000</lastBuildDate>
	<sy:updatePeriod>
	hourly	</sy:updatePeriod>
	<sy:updateFrequency>
	1	</sy:updateFrequency>
	<generator>https://wordpress.org/?v=6.1.1</generator>
</channel>
</rss>
